{"answers":[{"answer":"Fine","emoticon":"😍"},{"answer":"Tuesday","emoticon":"😍"},{"answer":"between 50%-80%","emoticon":"😍"}]}
{"answers":[{"answer":"Fine","emoticon":"😍"},{"answer":"Monday","emoticon":"🥰"},{"answer":"below 50%","emoticon":"😐"}]}
{"answers":[{"answer":"Fine","emoticon":"😍"},{"answer":"Monday","emoticon":"🥰"},{"answer":"below 50%","emoticon":"😐"}]}
{"answers":[{"answer":"Not Good","emoticon":"😒"},{"answer":"Never","emoticon":"😢"},{"answer":"above 80%","emoticon":"🥰"}]}
{"answers":[{"answer":"Fine","emoticon":"😍"},{"answer":"Monday","emoticon":"🥰"},{"answer":"between 50%-80%","emoticon":"😍"}]}
{"answers":[{"answer":"Fine","emoticon":"😍"},{"answer":"Monday","emoticon":"🥰"},{"answer":"below 50%","emoticon":"😐"}]}
{"answers":[{"answer":"Fine","emoticon":"😍"},{"answer":"Monday","emoticon":"🥰"},{"answer":"below 50%","emoticon":"😐"}]}
